<?xml version="1.0" encoding="UTF-8"?>
<modification>
    <name>Random Bestseller Products by TobiknetSoftware</name>
    <code>random-bestseller-products</code>
	<version>2.1</version>
	<author>Oleh Vasylyev</author>
	<link>http://www.opencart.com/index.php?route=extension/extension/info&amp;extension_id=21718</link>

	<file path="catalog/controller/module/bestseller.php|catalog/controller/extension/module/bestseller.php">
		<operation>
            <search><![CDATA[
				$results = $this->model_catalog_product->getBestSellerProducts($setting['limit']);
            ]]></search>
            <add position="replace"><![CDATA[
				$results = $this->model_catalog_product->getBestSellerProducts($setting['limit'] * 10);
				srand((float)microtime() * 1000000);
				shuffle($results); 
				$results = array_slice($results, 0, $setting['limit']);
            ]]></add>
        </operation>
	</file>

</modification>